from_ba_id,from_gf_id,to_ba_id,to_gf_id
01d8297a-1d37-4ccf-bea5-dea733b1f575,,5f1f7956-bc21-4bfd-a409-9740e614b2ac,
01e79666-c4c0-4f98-967a-993005ac7da7,,09226989-50e7-4c40-bd36-5bcef32ee7a1,
02160430-8036-41fb-89b3-cf89782c0e3e,,132ae52b-0cc6-4877-93ca-becbc612ea64,
050c0689-0b01-4a6c-afbf-a5d3ca39c310,1dd23b35-32d7-489f-bee1-3985e17c113f,050c0689-0b01-4a6c-afbf-a5d3ca39c310,
050c0689-0b01-4a6c-afbf-a5d3ca39c310,66f2cd86-a949-414e-96ac-5ea1fb702c5c,050c0689-0b01-4a6c-afbf-a5d3ca39c310,
050c0689-0b01-4a6c-afbf-a5d3ca39c310,6b2aabb4-d16f-445e-933f-16341030fdba,050c0689-0b01-4a6c-afbf-a5d3ca39c310,
050c0689-0b01-4a6c-afbf-a5d3ca39c310,7e71833a-fc29-4176-91cb-1df6723089ed,050c0689-0b01-4a6c-afbf-a5d3ca39c310,
050c0689-0b01-4a6c-afbf-a5d3ca39c310,b406252b-c160-4fd6-b7f9-f61d5e2779a5,050c0689-0b01-4a6c-afbf-a5d3ca39c310,
050c0689-0b01-4a6c-afbf-a5d3ca39c310,cf2deca6-53b8-4096-916f-32c2c71d14bf,050c0689-0b01-4a6c-afbf-a5d3ca39c310,
050c0689-0b01-4a6c-afbf-a5d3ca39c310,eb67cf91-533d-465c-bace-c7c6d3901516,050c0689-0b01-4a6c-afbf-a5d3ca39c310,
05b8e85d-89ca-48dc-8ec9-2214d9103909,,2b55697f-f26e-433e-9070-f1fe9748bf7b,cf2deca6-53b8-4096-916f-32c2c71d14bf
0600d70e-e956-467e-b0c3-6d5c745f46f6,,09226989-50e7-4c40-bd36-5bcef32ee7a1,
07828914-a3e2-40a6-95f2-0bc6f9f31adf,,6b9fdd82-685f-4f21-8fa3-883e06be2c30,
08fab4ab-3f43-4acb-8bc1-d7bdc87c4bd7,,108ff93e-9191-42bf-b502-3a437407b22a,
09226989-50e7-4c40-bd36-5bcef32ee7a1,b406252b-c160-4fd6-b7f9-f61d5e2779a5,09226989-50e7-4c40-bd36-5bcef32ee7a1,
09226989-50e7-4c40-bd36-5bcef32ee7a1,cf2deca6-53b8-4096-916f-32c2c71d14bf,09226989-50e7-4c40-bd36-5bcef32ee7a1,
09226989-50e7-4c40-bd36-5bcef32ee7a1,e149db12-9398-4a10-8642-5db70d1a8505,09226989-50e7-4c40-bd36-5bcef32ee7a1,
093c2a78-a6df-4c6a-9940-d1192d42fba5,,053de64e-a2b9-40b6-b566-cf3a5e95e267,
0b16aa3e-34e6-4072-a2b2-ed1c4739d38b,,6b9fdd82-685f-4f21-8fa3-883e06be2c30,
0d86f624-3479-4636-a93a-ae390187ff02,,5f1f7956-bc21-4bfd-a409-9740e614b2ac,
0df2f2ac-d8b5-41fe-bf1f-7cd2c30a1a2e,,2b55697f-f26e-433e-9070-f1fe9748bf7b,888609b5-b58a-4d57-addc-a6935bba284b
0ee04957-7c54-4def-b435-f0b8ecaa9632,,09226989-50e7-4c40-bd36-5bcef32ee7a1,
0f549ca9-921b-430e-9230-68e5fd00466a,,6b9fdd82-685f-4f21-8fa3-883e06be2c30,
108ff93e-9191-42bf-b502-3a437407b22a,888609b5-b58a-4d57-addc-a6935bba284b,108ff93e-9191-42bf-b502-3a437407b22a,
108ff93e-9191-42bf-b502-3a437407b22a,b406252b-c160-4fd6-b7f9-f61d5e2779a5,108ff93e-9191-42bf-b502-3a437407b22a,
108ff93e-9191-42bf-b502-3a437407b22a,e149db12-9398-4a10-8642-5db70d1a8505,108ff93e-9191-42bf-b502-3a437407b22a,
120bacce-7caf-4a66-a7eb-42241d5ffdc8,,d63b491c-adc7-4869-aa6c-6c2a784830d5,
123d5e37-3561-4873-89fd-fd1a5ccbd3c5,,350e9eb4-5e6b-48f5-aeb8-0bfdf023bf1c,
15795086-4e69-4383-b5ca-765c8ef858c0,,30a987e9-b420-4db6-a83a-a1f7cabd14fb,
157a194a-f6f6-4b95-893e-407ff303ded4,,30a987e9-b420-4db6-a83a-a1f7cabd14fb,
16287ac3-a2c5-4d10-ad2d-eae00c4cc148,,995f68d0-2dec-4e22-916a-cf1f44c1663b,
17131731-e6c8-431e-9a55-8cc438ec5a23,,d6d74742-d8ed-4954-b164-fc6607c3efa9,
190d2f0d-67be-48a3-8ea0-33e66546f3f7,,350e9eb4-5e6b-48f5-aeb8-0bfdf023bf1c,
1f590289-ca7e-46a6-b59a-765fb7e980dd,,2b55697f-f26e-433e-9070-f1fe9748bf7b,
21dfbd58-e7eb-499d-acde-5a6b090eb723,,6b9fdd82-685f-4f21-8fa3-883e06be2c30,
227f5477-c648-4a08-bec4-e69eb24c0a6c,,09226989-50e7-4c40-bd36-5bcef32ee7a1,
26c3118a-1908-44b9-91d5-5f5a1d28cbb1,,3218e7ea-8827-4262-96a1-104e5ec50ffc,
2ac051dc-67a5-4bda-892b-a137bbb15310,,f7980725-60b3-47c9-abd2-0a006ea30061,
2ac51dda-1e4a-4340-8fec-b7e0a19f8b59,,30a987e9-b420-4db6-a83a-a1f7cabd14fb,
2b1e2403-6391-4017-9044-0f00a7cb9068,,350e9eb4-5e6b-48f5-aeb8-0bfdf023bf1c,
2b55697f-f26e-433e-9070-f1fe9748bf7b,b406252b-c160-4fd6-b7f9-f61d5e2779a5,2b55697f-f26e-433e-9070-f1fe9748bf7b,
2b55697f-f26e-433e-9070-f1fe9748bf7b,e149db12-9398-4a10-8642-5db70d1a8505,2b55697f-f26e-433e-9070-f1fe9748bf7b,
2db1ed39-900e-4ca6-b34d-f681948ee1b4,,09226989-50e7-4c40-bd36-5bcef32ee7a1,
2e017889-154b-4ac4-993c-824fb60ba8f8,,5f1f7956-bc21-4bfd-a409-9740e614b2ac,
2f4f8832-79bd-4127-8ef6-d7e3edd5c9f9,,350e9eb4-5e6b-48f5-aeb8-0bfdf023bf1c,
2f80ff76-a999-4c8a-b0b7-6e6ca43b7881,,09226989-50e7-4c40-bd36-5bcef32ee7a1,
30a987e9-b420-4db6-a83a-a1f7cabd14fb,cf2deca6-53b8-4096-916f-32c2c71d14bf,30a987e9-b420-4db6-a83a-a1f7cabd14fb,
3151a2f4-1f93-41c6-998a-3b5bcbb27717,,350e9eb4-5e6b-48f5-aeb8-0bfdf023bf1c,
33f6866f-cc76-4125-b27d-84ac0110ba94,,350e9eb4-5e6b-48f5-aeb8-0bfdf023bf1c,
350e9eb4-5e6b-48f5-aeb8-0bfdf023bf1c,1dd23b35-32d7-489f-bee1-3985e17c113f,350e9eb4-5e6b-48f5-aeb8-0bfdf023bf1c,
350e9eb4-5e6b-48f5-aeb8-0bfdf023bf1c,66f2cd86-a949-414e-96ac-5ea1fb702c5c,350e9eb4-5e6b-48f5-aeb8-0bfdf023bf1c,
350e9eb4-5e6b-48f5-aeb8-0bfdf023bf1c,6b2aabb4-d16f-445e-933f-16341030fdba,350e9eb4-5e6b-48f5-aeb8-0bfdf023bf1c,
350e9eb4-5e6b-48f5-aeb8-0bfdf023bf1c,7a3be72b-a96e-4434-9c42-a817fe3fc765,350e9eb4-5e6b-48f5-aeb8-0bfdf023bf1c,
350e9eb4-5e6b-48f5-aeb8-0bfdf023bf1c,888609b5-b58a-4d57-addc-a6935bba284b,350e9eb4-5e6b-48f5-aeb8-0bfdf023bf1c,
350e9eb4-5e6b-48f5-aeb8-0bfdf023bf1c,b406252b-c160-4fd6-b7f9-f61d5e2779a5,350e9eb4-5e6b-48f5-aeb8-0bfdf023bf1c,
350e9eb4-5e6b-48f5-aeb8-0bfdf023bf1c,cbff6080-6387-44e5-b7ad-35f35f3db3a7,350e9eb4-5e6b-48f5-aeb8-0bfdf023bf1c,
350e9eb4-5e6b-48f5-aeb8-0bfdf023bf1c,cf2deca6-53b8-4096-916f-32c2c71d14bf,350e9eb4-5e6b-48f5-aeb8-0bfdf023bf1c,
350e9eb4-5e6b-48f5-aeb8-0bfdf023bf1c,e149db12-9398-4a10-8642-5db70d1a8505,350e9eb4-5e6b-48f5-aeb8-0bfdf023bf1c,
350e9eb4-5e6b-48f5-aeb8-0bfdf023bf1c,eb67cf91-533d-465c-bace-c7c6d3901516,350e9eb4-5e6b-48f5-aeb8-0bfdf023bf1c,
38f10f9e-f39d-4135-ae40-6c32f77a2242,,350e9eb4-5e6b-48f5-aeb8-0bfdf023bf1c,
39aa8616-e9ed-4fda-809a-5f9befc6efc2,,2b55697f-f26e-433e-9070-f1fe9748bf7b,cf2deca6-53b8-4096-916f-32c2c71d14bf
3a8d7636-166d-4841-9ddb-9c378f9b32ec,,350e9eb4-5e6b-48f5-aeb8-0bfdf023bf1c,
3aa2e125-3f74-4f91-94f6-fd030319f2b1,cf2deca6-53b8-4096-916f-32c2c71d14bf,3aa2e125-3f74-4f91-94f6-fd030319f2b1,
428869c1-da96-4bae-8f1d-d0b81c5ee706,,bbff20b3-6dd9-4be8-aa3e-6619229d2d6b,
42bada38-002f-4636-864f-920bab234329,,09226989-50e7-4c40-bd36-5bcef32ee7a1,
430912ef-7750-4e71-a976-6da41cfba4b3,,350e9eb4-5e6b-48f5-aeb8-0bfdf023bf1c,
43471c27-e415-4559-913f-6d3c3d50e199,,6b9fdd82-685f-4f21-8fa3-883e06be2c30,
436b15f7-c235-4124-8eef-4aa2e25f2c4d,,09226989-50e7-4c40-bd36-5bcef32ee7a1,
43cf8a4f-6523-4dae-8fd5-c34fa4afc8cd,,09226989-50e7-4c40-bd36-5bcef32ee7a1,
4412ffc1-93ca-42f5-bb58-01c191272fc4,,4acaa53b-7ec9-4abd-bb4a-1d96b6224c0d,
457699ac-fd34-4640-bce4-070b1d7db3b5,,30a987e9-b420-4db6-a83a-a1f7cabd14fb,
462970b7-3c1d-48a7-9f6f-d657b27a5bef,,2b55697f-f26e-433e-9070-f1fe9748bf7b,888609b5-b58a-4d57-addc-a6935bba284b
482031e2-dcaf-44ba-af36-fa425bb72533,,09226989-50e7-4c40-bd36-5bcef32ee7a1,
4acaa53b-7ec9-4abd-bb4a-1d96b6224c0d,b406252b-c160-4fd6-b7f9-f61d5e2779a5,4acaa53b-7ec9-4abd-bb4a-1d96b6224c0d,
4acaa53b-7ec9-4abd-bb4a-1d96b6224c0d,cf2deca6-53b8-4096-916f-32c2c71d14bf,4acaa53b-7ec9-4abd-bb4a-1d96b6224c0d,
4acaa53b-7ec9-4abd-bb4a-1d96b6224c0d,e149db12-9398-4a10-8642-5db70d1a8505,4acaa53b-7ec9-4abd-bb4a-1d96b6224c0d,
4b404c52-42a0-4efa-a950-2824489c8deb,,350e9eb4-5e6b-48f5-aeb8-0bfdf023bf1c,
4b503b74-748b-4773-a788-e16a84f59f81,,350e9eb4-5e6b-48f5-aeb8-0bfdf023bf1c,
4bb12554-2294-4260-8ce2-1938c5c3736c,,0f18ea18-0e25-42e8-bb96-f4be5f144075,
4c173e5b-b34a-4b9d-8fea-9f598673fa33,,995f68d0-2dec-4e22-916a-cf1f44c1663b,
4dcad109-18e3-4c91-a560-eb0bf34faccc,,09226989-50e7-4c40-bd36-5bcef32ee7a1,
4f390938-8179-4ca2-9024-9d22983bca09,,6b9fdd82-685f-4f21-8fa3-883e06be2c30,
4fab6349-d704-4883-bb83-6288e3c7b03f,,09226989-50e7-4c40-bd36-5bcef32ee7a1,
50062bd7-949d-45b6-9083-6d2d94c8f31e,,09226989-50e7-4c40-bd36-5bcef32ee7a1,
50a5d5d0-1afe-4e48-ab35-3adec6a30f0d,,6b9fdd82-685f-4f21-8fa3-883e06be2c30,
5115c485-0237-450a-a6f8-fdcddd54eeed,,da1dfe78-f982-4b09-81ae-b38d328bd85e,
5279d3f0-20df-4ac4-ac4a-ca6d21115d7d,,2b55697f-f26e-433e-9070-f1fe9748bf7b,888609b5-b58a-4d57-addc-a6935bba284b
52c54acc-cde4-444c-8ba3-1b2c8c6ab17f,,da1dfe78-f982-4b09-81ae-b38d328bd85e,
53bd7b12-ef70-4c59-ae58-effdd03117ef,,2b55697f-f26e-433e-9070-f1fe9748bf7b,cf2deca6-53b8-4096-916f-32c2c71d14bf
53c61b6c-68c0-46fe-bfae-e77e6f12d7af,,223860e9-b7b5-412c-bcab-0f16d43928fb,
53cf4a1c-1b45-48b6-a6c0-7a4752ad24b9,,79a84274-88f2-4135-90dd-8c1a501f87d5,
577244a2-aa83-4721-ab0b-533a82f7a0c9,,748cb267-f47c-4920-b5b0-39109ade448f,
58ab3128-0e13-4d2e-884b-3d5dab1e18e1,,223860e9-b7b5-412c-bcab-0f16d43928fb,
58c5b3fa-7afc-4f20-8f9e-18e6aa14aeb5,,350e9eb4-5e6b-48f5-aeb8-0bfdf023bf1c,
5b81b4ba-66b6-4e87-8e2f-b9aa680207a1,,09226989-50e7-4c40-bd36-5bcef32ee7a1,
5eb2052b-9787-4148-a230-4d04580f399c,,2b55697f-f26e-433e-9070-f1fe9748bf7b,888609b5-b58a-4d57-addc-a6935bba284b
5f02c034-b2ae-45f0-824b-1200cb1ecadc,,09226989-50e7-4c40-bd36-5bcef32ee7a1,
602a2e9b-abad-48ac-90ec-857dd2fc194f,,132ae52b-0cc6-4877-93ca-becbc612ea64,
60b3f114-07e6-4c54-96bc-94823e08da25,,09226989-50e7-4c40-bd36-5bcef32ee7a1,
60f9b62d-0cb0-47dd-9551-3929af847cb7,,223860e9-b7b5-412c-bcab-0f16d43928fb,
62731214-41d2-4db6-af05-e76305a0b8ef,,09226989-50e7-4c40-bd36-5bcef32ee7a1,
6580c490-3a3c-4969-b91f-18d7edd82074,,350e9eb4-5e6b-48f5-aeb8-0bfdf023bf1c,
6766adfc-b2fa-4d38-9e7b-05886df6263f,,108ff93e-9191-42bf-b502-3a437407b22a,
67d74d0f-3b04-477a-aed7-ac090bfd745e,,2b55697f-f26e-433e-9070-f1fe9748bf7b,888609b5-b58a-4d57-addc-a6935bba284b
6812b181-49a2-4302-928c-cbdbc8781e88,,350e9eb4-5e6b-48f5-aeb8-0bfdf023bf1c,
68884c5d-d3d1-4a35-ab5a-4e98e5591d41,,09226989-50e7-4c40-bd36-5bcef32ee7a1,
69087fd1-6447-491c-a4e0-d89eb133925c,,f4df7abd-3d51-42fb-8cab-5102b95fad8e,
6ac0a8cc-f9e3-4fc4-9b17-9385c02a3b30,,09226989-50e7-4c40-bd36-5bcef32ee7a1,
6acd6333-fb98-447a-b61f-102641f84b70,,09226989-50e7-4c40-bd36-5bcef32ee7a1,
6b9fdd82-685f-4f21-8fa3-883e06be2c30,7e71833a-fc29-4176-91cb-1df6723089ed,6b9fdd82-685f-4f21-8fa3-883e06be2c30,
6b9fdd82-685f-4f21-8fa3-883e06be2c30,888609b5-b58a-4d57-addc-a6935bba284b,6b9fdd82-685f-4f21-8fa3-883e06be2c30,
6b9fdd82-685f-4f21-8fa3-883e06be2c30,b406252b-c160-4fd6-b7f9-f61d5e2779a5,6b9fdd82-685f-4f21-8fa3-883e06be2c30,
6b9fdd82-685f-4f21-8fa3-883e06be2c30,cf2deca6-53b8-4096-916f-32c2c71d14bf,6b9fdd82-685f-4f21-8fa3-883e06be2c30,
6d24961e-18db-4b26-8523-5e612665ebcb,,09226989-50e7-4c40-bd36-5bcef32ee7a1,
6dfd0b33-db5f-433c-81ce-a625bc923c50,,3218e7ea-8827-4262-96a1-104e5ec50ffc,
6e773788-5b88-4187-9816-726d9bc673f1,,30a987e9-b420-4db6-a83a-a1f7cabd14fb,
70635707-407e-4348-b685-3e44f121875f,,350e9eb4-5e6b-48f5-aeb8-0bfdf023bf1c,
71533bf1-eb8f-4dc9-83db-46728490c81c,,09226989-50e7-4c40-bd36-5bcef32ee7a1,
750783b4-ef24-4ea5-b508-d77d20933eb2,,4acaa53b-7ec9-4abd-bb4a-1d96b6224c0d,
7536f710-d996-488c-a7b5-e87a71b78487,,09226989-50e7-4c40-bd36-5bcef32ee7a1,
75a414e8-a5ae-4659-8e8b-06d40e5ea8a1,,09226989-50e7-4c40-bd36-5bcef32ee7a1,
75fff2dd-2361-4112-adec-c9a39fd5c390,,09226989-50e7-4c40-bd36-5bcef32ee7a1,
76d8f52f-1f4e-4ab0-b609-8d4abf9612bf,,09226989-50e7-4c40-bd36-5bcef32ee7a1,
788e1ca9-72ee-4872-9b79-a885e1a59c67,,09226989-50e7-4c40-bd36-5bcef32ee7a1,
7a03b8d8-63bc-4622-bfe8-0a512c51ebbb,,6b9fdd82-685f-4f21-8fa3-883e06be2c30,
7a4323fc-2e79-4511-82d5-9268fd34ce01,,3aa2e125-3f74-4f91-94f6-fd030319f2b1,
7c7704b1-7823-4f09-b048-a6e87e3d05a6,,09226989-50e7-4c40-bd36-5bcef32ee7a1,
7cc759a3-9d4c-45dc-9e86-73c09ead5e15,,70407def-b048-49d4-9a43-3eb0021f7b68,
7ce46715-080a-465e-94c1-17a51bcd49f0,,30a987e9-b420-4db6-a83a-a1f7cabd14fb,
7d41bcd1-d9dd-4b8f-85ab-cd410ae0e1ef,,2b55697f-f26e-433e-9070-f1fe9748bf7b,
7d649b73-ccd6-4254-8a42-d2b24d25ac5e,,350e9eb4-5e6b-48f5-aeb8-0bfdf023bf1c,
7d84ea57-8116-4eba-a39e-5f086b5370db,,f4df7abd-3d51-42fb-8cab-5102b95fad8e,
7f309e4e-54a7-4086-83a0-b61ce0d9476c,,3aa2e125-3f74-4f91-94f6-fd030319f2b1,
808665af-0d4c-4d42-bd42-01deaecf0679,,050c0689-0b01-4a6c-afbf-a5d3ca39c310,
83020a4c-fda8-45aa-9ec5-e886c5b18f3e,,350e9eb4-5e6b-48f5-aeb8-0bfdf023bf1c,
8446e66d-dc91-4856-a8f9-0f4535536b6e,,09226989-50e7-4c40-bd36-5bcef32ee7a1,
84bc2ed1-9309-4b83-b275-f6a55ffc3e47,,6b9fdd82-685f-4f21-8fa3-883e06be2c30,
8646db92-aded-460d-978d-0248a0ea75b2,,30a987e9-b420-4db6-a83a-a1f7cabd14fb,
8672775c-9167-42bd-b885-f1807f9ac9a4,66f2cd86-a949-414e-96ac-5ea1fb702c5c,8672775c-9167-42bd-b885-f1807f9ac9a4,
887651ec-32f6-4a25-81a2-d991a04dc130,,30a987e9-b420-4db6-a83a-a1f7cabd14fb,
896ba964-bddd-491d-bfb5-43f417431e4a,,050c0689-0b01-4a6c-afbf-a5d3ca39c310,
89e34529-a92a-4216-b549-dd2110c07df0,,79a84274-88f2-4135-90dd-8c1a501f87d5,
8a0b970f-88be-40a1-9461-ed3b80ab3c99,,04b943e8-610c-4158-b4c3-9dd884ab9376,
8a35dc37-8c8b-4f2f-a1e3-725baba09427,,efae0d72-6980-4c29-be83-63da72812a35,
8beb9413-6421-4448-9657-07a426c2835e,,050c0689-0b01-4a6c-afbf-a5d3ca39c310,
8d8e556c-63a5-4aa8-9d25-f265c162b9be,,5f1f7956-bc21-4bfd-a409-9740e614b2ac,
8e192db3-cec7-4b84-a4b0-1ed01bb1f62d,,30a987e9-b420-4db6-a83a-a1f7cabd14fb,
95c49cf9-c721-4e62-8882-11870dc46706,,09226989-50e7-4c40-bd36-5bcef32ee7a1,
970e6f49-9a1a-46e3-bb8d-95c607f6bfdd,,132ae52b-0cc6-4877-93ca-becbc612ea64,
9a23a972-cefa-4827-9636-41f8e5a73b77,,995f68d0-2dec-4e22-916a-cf1f44c1663b,
9c477221-ab35-48f6-ac9f-3b6ca4ac3a05,,30a987e9-b420-4db6-a83a-a1f7cabd14fb,
9da9bd58-8e73-4fe3-845c-e7efacce9f95,,5f1f7956-bc21-4bfd-a409-9740e614b2ac,
9f06b993-7708-43f1-9886-41323155091b,,4acaa53b-7ec9-4abd-bb4a-1d96b6224c0d,
9f424659-9e93-43f0-a83b-14eb41c9d253,,09226989-50e7-4c40-bd36-5bcef32ee7a1,
9f6436ae-e654-4845-a853-85344a2f8675,,050c0689-0b01-4a6c-afbf-a5d3ca39c310,
9fc8164a-a7b9-43d4-bf2e-74e2f8a14d66,,223860e9-b7b5-412c-bcab-0f16d43928fb,
a19c1549-baa0-4bd6-b345-7a30b3383b7c,,09226989-50e7-4c40-bd36-5bcef32ee7a1,
a36b36c6-1f9f-4aa1-922c-61e74c786187,cf2deca6-53b8-4096-916f-32c2c71d14bf,350e9eb4-5e6b-48f5-aeb8-0bfdf023bf1c,
a4563b4f-d70c-461e-aa92-9c92beb89294,,350e9eb4-5e6b-48f5-aeb8-0bfdf023bf1c,
a769ae7f-afb0-4d84-a915-b7ac7079b771,,09226989-50e7-4c40-bd36-5bcef32ee7a1,
a81dc2ce-99cd-4937-b06b-283ab18f0cc0,,e1272775-11a6-4f60-9054-956567a961df,
a82b807a-e5f5-481a-9b9d-a6c9663f9bcf,,edbc586e-8499-4d31-9025-d15f2648f1fb,
a988cb40-ded7-49b3-8465-bb6e26f78bbe,,09226989-50e7-4c40-bd36-5bcef32ee7a1,
aa9d685f-4d61-425d-af04-71f060eef923,,108ff93e-9191-42bf-b502-3a437407b22a,
ac1ef5e0-e022-4b76-a4be-230db922fac9,,70407def-b048-49d4-9a43-3eb0021f7b68,
ad22bde8-47c5-45dd-9d6e-45dd361b3b06,,30a987e9-b420-4db6-a83a-a1f7cabd14fb,
ae613484-5d00-4b6e-a300-617bda6f3a97,,6b9fdd82-685f-4f21-8fa3-883e06be2c30,
af36139c-44a5-4517-83ef-2279a787fb16,,108ff93e-9191-42bf-b502-3a437407b22a,
b09cfc80-dd4e-421e-a8ff-c456752f6dc2,,2b55697f-f26e-433e-9070-f1fe9748bf7b,cf2deca6-53b8-4096-916f-32c2c71d14bf
b10513e5-e5c9-47ab-bef0-2c42b4b9d8b4,,09226989-50e7-4c40-bd36-5bcef32ee7a1,
b1b917a4-df2c-4394-8aa1-e9b480b77cc4,,09226989-50e7-4c40-bd36-5bcef32ee7a1,
b1b917a4-df2c-4394-8aa1-e9b480b77cc4,b406252b-c160-4fd6-b7f9-f61d5e2779a5,09226989-50e7-4c40-bd36-5bcef32ee7a1,
b345a2cc-aa56-4752-97e9-b789afb8a4ea,,2b55697f-f26e-433e-9070-f1fe9748bf7b,888609b5-b58a-4d57-addc-a6935bba284b
b3648d32-d1fd-4ebe-a4e7-20c34c079d98,,30a987e9-b420-4db6-a83a-a1f7cabd14fb,
b401b526-6d2f-4f6a-8cc1-10051e0623ff,,da1dfe78-f982-4b09-81ae-b38d328bd85e,
b4382596-8bea-41ef-8c09-2b5873581e5a,,51558178-d2da-44ed-905b-db6976f6aa76,
b48e2e20-61af-435f-9a94-b8ebce9068a3,,09226989-50e7-4c40-bd36-5bcef32ee7a1,
b5f4b46c-a779-4786-889b-f1987217ae5b,,3aa2e125-3f74-4f91-94f6-fd030319f2b1,
b7aade0a-8de3-4a00-a37c-deb65e5188a7,,30a987e9-b420-4db6-a83a-a1f7cabd14fb,
b8c4efbb-9c72-4711-afa7-869e44a13f1f,,09226989-50e7-4c40-bd36-5bcef32ee7a1,
c0f0ee39-58b1-4304-961e-6729dd8567d3,,09226989-50e7-4c40-bd36-5bcef32ee7a1,
c1e97c98-de9f-4b05-963f-0276784fca2d,b406252b-c160-4fd6-b7f9-f61d5e2779a5,c1e97c98-de9f-4b05-963f-0276784fca2d,
c312d18f-fefc-47cb-b5be-a5814e556b12,,748cb267-f47c-4920-b5b0-39109ade448f,
c387ca1c-b18c-4e18-8ed6-c9d0c1b8e8a8,,6b9fdd82-685f-4f21-8fa3-883e06be2c30,
c52c7acb-39a9-4849-8546-60b39fd3a2a8,,748cb267-f47c-4920-b5b0-39109ade448f,
c765d8f0-4641-408b-88d6-f4143ddc35db,,09226989-50e7-4c40-bd36-5bcef32ee7a1,
cc081ec3-8953-4f75-b072-60de0a67702d,,30a987e9-b420-4db6-a83a-a1f7cabd14fb,
cec2b2df-ba65-4634-b371-75ad63428f26,888609b5-b58a-4d57-addc-a6935bba284b,350e9eb4-5e6b-48f5-aeb8-0bfdf023bf1c,
d19a0d50-6372-4390-922b-cc8e8f7f13eb,,30a987e9-b420-4db6-a83a-a1f7cabd14fb,
d1d7eb33-cc43-433f-9ca7-8fbe50a63277,,30a987e9-b420-4db6-a83a-a1f7cabd14fb,
d2b0f823-5641-43d7-872b-a59accf15ac7,,5ab3e132-8c64-4e65-8a5e-25d92f284331,
d68c54e3-1499-4987-9b31-716a90d4901a,,30a987e9-b420-4db6-a83a-a1f7cabd14fb,
d823bc1b-57a4-48ec-8a5a-f381b4da04cc,,5f1f7956-bc21-4bfd-a409-9740e614b2ac,
d92c3eba-880f-4959-98de-ae43933b900d,,88d79d42-3fef-48ab-887e-dae60ae9072a,
da1dfe78-f982-4b09-81ae-b38d328bd85e,cf2deca6-53b8-4096-916f-32c2c71d14bf,da1dfe78-f982-4b09-81ae-b38d328bd85e,
dcb64e93-80b1-4e60-a2ec-07489d0cd839,,2b55697f-f26e-433e-9070-f1fe9748bf7b,cf2deca6-53b8-4096-916f-32c2c71d14bf
dd836305-6c6d-4a07-b3cc-9d20fc4899c4,,da1dfe78-f982-4b09-81ae-b38d328bd85e,
de5d6946-6d36-4b06-93fe-103a6107ba12,,51558178-d2da-44ed-905b-db6976f6aa76,
dfed579c-b5d0-41a9-bfc1-e2dbbd94eb7e,,350e9eb4-5e6b-48f5-aeb8-0bfdf023bf1c,
e00b1b7a-0871-4a01-9007-fc464c6ad18c,,050c0689-0b01-4a6c-afbf-a5d3ca39c310,
e3516630-2f26-4557-a06d-1bbf77693a95,,5f1f7956-bc21-4bfd-a409-9740e614b2ac,
e4e3ef1c-a32c-4895-9690-688a7ef25b76,,5f1f7956-bc21-4bfd-a409-9740e614b2ac,
e64329fd-a77f-4a4c-9a3f-2e4890b92cf3,,5f1f7956-bc21-4bfd-a409-9740e614b2ac,
e6d5e0ac-be0e-41b0-9b4d-239abd8317d7,,108ff93e-9191-42bf-b502-3a437407b22a,
e7f1d46b-a613-40fe-968f-8fddc7c13c98,,350e9eb4-5e6b-48f5-aeb8-0bfdf023bf1c,
ea0721ea-3c12-42bf-970b-a364016bb5df,,132ae52b-0cc6-4877-93ca-becbc612ea64,
ea24a5b8-a64a-4ee2-8eeb-4afd2254db86,,09226989-50e7-4c40-bd36-5bcef32ee7a1,
ec59b5b8-479e-403c-b1cf-e24e36c86fdf,,350e9eb4-5e6b-48f5-aeb8-0bfdf023bf1c,
ec8b8237-d03f-4373-a92b-3c0cfc903711,,09226989-50e7-4c40-bd36-5bcef32ee7a1,
ed69cfb2-51f1-4e58-943f-868c86144f8f,,c91dee81-7cb4-410b-bfce-52d98b67732f,
f05b022a-7158-42b9-a592-82418a7a8578,,09226989-50e7-4c40-bd36-5bcef32ee7a1,
f0f8c511-69b9-4bc6-9d54-af9dec4e82bf,cf2deca6-53b8-4096-916f-32c2c71d14bf,09226989-50e7-4c40-bd36-5bcef32ee7a1,
f1c37a46-327b-4bc7-b2c1-8c1d26b14da8,,09226989-50e7-4c40-bd36-5bcef32ee7a1,
f200ecbf-46fa-4b19-b8c4-b91028460a5d,,e1272775-11a6-4f60-9054-956567a961df,
f2025774-f694-4c15-8725-c4dcbdb01cf4,,9cd8176f-b5b4-474e-87bc-f2744338fe00,
f6f6d632-4bdf-4755-97a6-b2cb3d2d69f8,,5f1f7956-bc21-4bfd-a409-9740e614b2ac,
f7159ae5-d627-4b4f-87a6-521fc36119e0,,09226989-50e7-4c40-bd36-5bcef32ee7a1,
f76a7fb3-ec62-465e-a07c-aac3e0936d71,,09226989-50e7-4c40-bd36-5bcef32ee7a1,
f94197eb-6040-4853-819d-5c0f72bc6804,,30a987e9-b420-4db6-a83a-a1f7cabd14fb,
f9480d47-b287-4151-87bc-82377a35651b,,30a987e9-b420-4db6-a83a-a1f7cabd14fb,
f9c8f05d-ec7a-4945-a807-6d2ab9bed7c3,,09226989-50e7-4c40-bd36-5bcef32ee7a1,
fad9ba75-a2b0-44ad-bc67-67b5ade6ad76,,d6d74742-d8ed-4954-b164-fc6607c3efa9,
fb2bf86e-f1f3-4649-bc3d-3e99cd1a3f98,,350e9eb4-5e6b-48f5-aeb8-0bfdf023bf1c,
fc8340bd-b1aa-4867-bd04-bc33d801497f,,51558178-d2da-44ed-905b-db6976f6aa76,
fcf0ddd7-2b6b-4863-b1c8-9bb0ec8277c5,,5f1f7956-bc21-4bfd-a409-9740e614b2ac,
fe88849e-39b3-4e37-96c1-4cec6eb9b998,,09226989-50e7-4c40-bd36-5bcef32ee7a1,
fedc7073-fc92-4d4b-a987-c9154db8651f,,09226989-50e7-4c40-bd36-5bcef32ee7a1,
